Nr;Klasse;Geschlecht;Größe in cm;Gewicht in kg;Schuhgröße;Schulweg in min;Verkehrsmittel
1;8a;m;175,6;53,6;43;7;Fahrrad
2;8b;w;166,9;56,5;39;19;Fahrrad
3;8c;w;156,7;43,6;37;13;Fahrrad
4;8a;m;172,5;48,7;42;13;Bus
5;8b;m;178,0;60,6;41;34;Bus
6;8c;m;165,2;49,0;40;13;Fahrrad
7;8a;m;177,0;50,0;41;19;Fahrrad
8;8b;w;182,0;62,3;42;15;Auto
9;8c;m;165,8;45,4;39;14;zu Fuß
10;8a;w;159,3;48,8;36;19;Bus
11;8b;m;176,7;56,4;42;15;Fahrrad
12;8c;m;172,0;46,1;42;20;Fahrrad
13;8a;w;168,9;43,7;39;18;Fahrrad
14;8b;w;170,1;54,9;40;21;Fahrrad
15;8c;m;168,2;55,3;39;10;Fahrrad
16;8a;m;166,9;59,1;39;9;zu Fuß
17;8b;w;156,0;48,7;37;20;Bus
18;8c;w;181,8;60,3;42;17;Fahrrad
19;8a;w;160,0;47,7;37;13;Bus
20;8b;m;175,5;53,1;42;16;Fahrrad
21;8c;w;158,3;48,6;38;34;Bus
22;8a;w;161,0;48,7;37;21;Bus
23;8b;m;162,7;45,4;39;13;Fahrrad
24;8c;w;151,5;41,9;35;6;Fahrrad
25;8a;m;172,3;60,4;40;40;Bus
26;8b;w;173,6;59,0;41;21;Fahrrad
27;8c;m;174,4;52,3;40;18;Fahrrad
28;8a;m;158,6;53,2;37;35;Bus
29;8b;m;155,2;54,9;37;10;Fahrrad
30;8c;m;164,8;48,8;39;10;Bus
31;8a;w;150,0;50,1;35;15;Fahrrad
32;8b;m;164,7;42,2;39;17;Fahrrad
33;8c;w;154,6;46,5;37;6;Fahrrad
34;8a;w;163,9;55,4;39;7;Fahrrad
35;8b;w;164,8;50,2;38;20;Fahrrad
36;8c;m;170,9;47,4;43;32;Bus
